"tier","name","kind","url","evidence","qualification","action"
"primary","REI Systems","contractor-discovery","https://www.linkedin.com/company/rei-systems","public LinkedIn identity observed","revenue and buying-role fit UNKNOWN; do not treat as qualified prospect","follow; discover growth/capture leaders"
"primary","MetroStar","contractor-discovery","https://www.linkedin.com/company/metrostar-systems/life/culture","public LinkedIn identity observed","revenue and buying-role fit UNKNOWN; do not treat as qualified prospect","follow; discover growth/capture leaders"
"primary","Steampunk","contractor-discovery","https://www.linkedin.com/company/steampunk-inc","public LinkedIn identity observed","revenue and buying-role fit UNKNOWN; do not treat as qualified prospect","follow; discover growth/capture leaders"
"primary","Raft","contractor-discovery","https://www.linkedin.com/company/raft-tech","public LinkedIn identity observed","revenue and buying-role fit UNKNOWN; do not treat as qualified prospect","follow; discover growth/capture leaders"
"primary","540 Company","contractor-discovery","https://www.linkedin.com/company/540co","public LinkedIn identity observed","revenue and buying-role fit UNKNOWN; do not treat as qualified prospect","follow; discover growth/capture leaders"
"primary","Fearless","contractor-discovery","https://www.linkedin.com/company/fearlessbmore","public LinkedIn identity observed","revenue and buying-role fit UNKNOWN; do not treat as qualified prospect","follow; discover growth/capture leaders"
"primary","Sierra7","contractor-discovery","https://www.linkedin.com/company/sierra7inc","public LinkedIn identity observed","revenue and buying-role fit UNKNOWN; do not treat as qualified prospect","follow; discover growth/capture leaders"
"primary","Infotrend","contractor-discovery","https://www.linkedin.com/company/infotrend-inc","public LinkedIn identity observed","revenue and buying-role fit UNKNOWN; do not treat as qualified prospect","follow; discover growth/capture leaders"
"primary","Makpar","contractor-discovery","https://www.linkedin.com/company/makpar-corporation","public LinkedIn identity observed","revenue and buying-role fit UNKNOWN; do not treat as qualified prospect","follow; discover growth/capture leaders"
"primary","Tharros","contractor-discovery","https://www.linkedin.com/company/tharrosdefense","public LinkedIn identity observed","revenue and buying-role fit UNKNOWN; do not treat as qualified prospect","follow; discover growth/capture leaders"
"primary","NetImpact Strategies","contractor-discovery","https://www.linkedin.com/company/netimpact-strategies-inc-","public LinkedIn identity observed","revenue and buying-role fit UNKNOWN; do not treat as qualified prospect","follow; discover growth/capture leaders"
"primary","Capital Technology Group","contractor-discovery","https://www.linkedin.com/company/capitaltg","public LinkedIn identity observed","revenue and buying-role fit UNKNOWN; do not treat as qualified prospect","follow; discover growth/capture leaders"
"primary","Telos Corporation","contractor-discovery","https://www.linkedin.com/company/telos-corporation","public LinkedIn identity observed","revenue and buying-role fit UNKNOWN; do not treat as qualified prospect","follow; discover growth/capture leaders"
"primary","VTG","contractor-discovery","https://www.linkedin.com/company/vtgdefense","public LinkedIn identity observed","revenue and buying-role fit UNKNOWN; do not treat as qualified prospect","follow; discover growth/capture leaders"
"primary","Edgewater Federal Solutions","contractor-discovery","https://www.linkedin.com/company/edgewater-federal-solutions-inc-","public LinkedIn identity observed","revenue and buying-role fit UNKNOWN; do not treat as qualified prospect","follow; discover growth/capture leaders"
"primary","Strativia","contractor-discovery","https://www.linkedin.com/company/strativia","public LinkedIn identity observed","revenue and buying-role fit UNKNOWN; do not treat as qualified prospect","follow; discover growth/capture leaders"
"primary","SecureTech360","contractor-discovery","https://www.linkedin.com/company/securetech360","public LinkedIn identity observed","revenue and buying-role fit UNKNOWN; do not treat as qualified prospect","follow; discover growth/capture leaders"
"primary","Applied Research Solutions","contractor-discovery","https://www.linkedin.com/company/applied-research-solutions","public LinkedIn identity observed","revenue and buying-role fit UNKNOWN; do not treat as qualified prospect","follow; discover growth/capture leaders"
"primary","Kentro","contractor-discovery","https://www.linkedin.com/company/kentro-official","public LinkedIn identity observed","revenue and buying-role fit UNKNOWN; do not treat as qualified prospect","follow; discover growth/capture leaders"
"primary","Redhorse Corporation","contractor-discovery","https://www.linkedin.com/company/redhorse-corporation","public LinkedIn identity observed","revenue and buying-role fit UNKNOWN; do not treat as qualified prospect","follow; discover growth/capture leaders"
"primary","Professional Services Council","amplifier","https://www.linkedin.com/company/professional-services-council","public LinkedIn identity observed","audience relevance assessed; access and willingness UNKNOWN","follow; engage selectively"
"primary","National Defense Industrial Association","amplifier","https://www.linkedin.com/company/national-defense-industrial-association","public LinkedIn identity observed","audience relevance assessed; access and willingness UNKNOWN","follow; engage selectively"
"primary","National Contract Management Association","amplifier","https://www.linkedin.com/company/ncma","public LinkedIn identity observed","audience relevance assessed; access and willingness UNKNOWN","follow; engage selectively"
"primary","Association of Proposal Management Professionals","amplifier","https://www.linkedin.com/company/apmp","public LinkedIn identity observed","audience relevance assessed; access and willingness UNKNOWN","follow; engage selectively"
"primary","AFCEA International","amplifier","https://www.linkedin.com/company/afcea-international","public LinkedIn identity observed","audience relevance assessed; access and willingness UNKNOWN","follow; engage selectively"
"primary","Aerospace Industries Association","amplifier","https://www.linkedin.com/company/aerospace-industries-association","public LinkedIn identity observed","audience relevance assessed; access and willingness UNKNOWN","follow; engage selectively"
"primary","SECAF","amplifier","https://www.linkedin.com/company/secaf","public LinkedIn identity observed","audience relevance assessed; access and willingness UNKNOWN","follow; engage selectively"
"primary","APEX Accelerators","amplifier","https://www.linkedin.com/showcase/apex-accelerators/","public LinkedIn identity observed","audience relevance assessed; access and willingness UNKNOWN","follow; engage selectively"
"primary","GovCon Chamber of Commerce","amplifier","https://www.govconchamber.com/about","organization verified; exact LinkedIn identity pending","audience relevance assessed; access and willingness UNKNOWN","follow; engage selectively"
"primary","Federal News Network","amplifier","https://www.linkedin.com/company/federal-news-network","public LinkedIn identity observed","audience relevance assessed; access and willingness UNKNOWN","follow; engage selectively"
"primary","Washington Technology","amplifier","https://www.washingtontechnology.com","organization verified; exact LinkedIn identity pending","audience relevance assessed; access and willingness UNKNOWN","follow; engage selectively"
"primary","GovCon Wire","amplifier","https://www.linkedin.com/showcase/govcon-wire/","public LinkedIn identity observed","audience relevance assessed; access and willingness UNKNOWN","follow; engage selectively"
"primary","ExecutiveBiz","amplifier","https://www.linkedin.com/showcase/executive-biz/","public LinkedIn identity observed","audience relevance assessed; access and willingness UNKNOWN","follow; engage selectively"
"primary","Government Executive","amplifier","https://www.linkedin.com/company/government-executive","public LinkedIn identity observed","audience relevance assessed; access and willingness UNKNOWN","follow; engage selectively"
"primary","Nextgov FCW","amplifier","https://www.linkedin.com/company/nextgovfcw","public LinkedIn identity observed","audience relevance assessed; access and willingness UNKNOWN","follow; engage selectively"
"primary","Defense One","amplifier","https://www.linkedin.com/company/defense-one","public LinkedIn identity observed","audience relevance assessed; access and willingness UNKNOWN","follow; engage selectively"
"primary","Breaking Defense","amplifier","https://www.linkedin.com/showcase/breaking-defense/","public LinkedIn identity observed","audience relevance assessed; access and willingness UNKNOWN","follow; engage selectively"
"primary","Defense News","amplifier","https://www.linkedin.com/company/defense-news","public LinkedIn identity observed","audience relevance assessed; access and willingness UNKNOWN","follow; engage selectively"
"primary","National Defense Magazine","amplifier","https://www.linkedin.com/company/national-defense-magazine","public LinkedIn identity observed","audience relevance assessed; access and willingness UNKNOWN","follow; engage selectively"
"primary","War on the Rocks","amplifier","https://www.linkedin.com/company/warontherocks","public LinkedIn identity observed","audience relevance assessed; access and willingness UNKNOWN","follow; engage selectively"
"primary","CSIS","amplifier","https://www.linkedin.com/company/csis","public LinkedIn identity observed","audience relevance assessed; access and willingness UNKNOWN","follow; engage selectively"
"primary","RAND","amplifier","https://www.linkedin.com/company/rand-corporation","public LinkedIn identity observed","audience relevance assessed; access and willingness UNKNOWN","follow; engage selectively"
"primary","RUSI","amplifier","https://www.linkedin.com/company/royal-united-services-institute","public LinkedIn identity observed","audience relevance assessed; access and willingness UNKNOWN","follow; engage selectively"
"primary","Center for a New American Security","amplifier","https://www.linkedin.com/company/center-for-a-new-american-security","public LinkedIn identity observed","audience relevance assessed; access and willingness UNKNOWN","follow; engage selectively"
"primary","Digital Services Coalition","amplifier","https://www.linkedin.com/company/dscoalition","public LinkedIn identity observed","audience relevance assessed; access and willingness UNKNOWN","follow; engage selectively"
"primary","Mark Amtower","individual-amplifier","https://www.linkedin.com/in/markamtower","public LinkedIn identity observed","professional relevance assessed; relationship UNKNOWN","follow; connect only after substantive interaction"
"primary","Kevin Plexico","individual-amplifier","https://www.linkedin.com/in/kevin-plexico-6a61471","public LinkedIn identity observed","professional relevance assessed; relationship UNKNOWN","follow; connect only after substantive interaction"
"primary","Neil McDonnell","individual-amplifier","https://www.linkedin.com/in/neil-mcdonnell","public LinkedIn identity observed","professional relevance assessed; relationship UNKNOWN","follow; connect only after substantive interaction"
"primary","Nick Wakeman","individual-amplifier","https://www.linkedin.com/in/nickwakeman","public LinkedIn identity observed","professional relevance assessed; relationship UNKNOWN","follow; connect only after substantive interaction"
"primary","Shauna Weatherly","individual-amplifier","https://www.linkedin.com/in/shauna-weatherly","public LinkedIn identity observed","professional relevance assessed; relationship UNKNOWN","follow; connect only after substantive interaction"
"secondary","Leidos","federal-ecosystem","https://www.washingtontechnology.com/rankings/top-100/2026/","organization named in 2026 federal contractor ranking; exact LinkedIn identity pending","ecosystem watch; do not infer Phase 1 revenue fit from federal awards","follow-only/watch; prioritize relevant program and growth posts"
"secondary","Booz Allen Hamilton","federal-ecosystem","https://www.washingtontechnology.com/rankings/top-100/2026/","organization named in 2026 federal contractor ranking; exact LinkedIn identity pending","ecosystem watch; do not infer Phase 1 revenue fit from federal awards","follow-only/watch; prioritize relevant program and growth posts"
"secondary","Lockheed Martin","federal-ecosystem","https://www.washingtontechnology.com/rankings/top-100/2026/","organization named in 2026 federal contractor ranking; exact LinkedIn identity pending","ecosystem watch; do not infer Phase 1 revenue fit from federal awards","follow-only/watch; prioritize relevant program and growth posts"
"secondary","RTX","federal-ecosystem","https://www.washingtontechnology.com/rankings/top-100/2026/","organization named in 2026 federal contractor ranking; exact LinkedIn identity pending","ecosystem watch; do not infer Phase 1 revenue fit from federal awards","follow-only/watch; prioritize relevant program and growth posts"
"secondary","General Dynamics","federal-ecosystem","https://www.washingtontechnology.com/rankings/top-100/2026/","organization named in 2026 federal contractor ranking; exact LinkedIn identity pending","ecosystem watch; do not infer Phase 1 revenue fit from federal awards","follow-only/watch; prioritize relevant program and growth posts"
"secondary","CACI International","federal-ecosystem","https://www.washingtontechnology.com/rankings/top-100/2026/","organization named in 2026 federal contractor ranking; exact LinkedIn identity pending","ecosystem watch; do not infer Phase 1 revenue fit from federal awards","follow-only/watch; prioritize relevant program and growth posts"
"secondary","Northrop Grumman","federal-ecosystem","https://www.washingtontechnology.com/rankings/top-100/2026/","organization named in 2026 federal contractor ranking; exact LinkedIn identity pending","ecosystem watch; do not infer Phase 1 revenue fit from federal awards","follow-only/watch; prioritize relevant program and growth posts"
"secondary","L3Harris Technologies","federal-ecosystem","https://www.washingtontechnology.com/rankings/top-100/2026/","organization named in 2026 federal contractor ranking; exact LinkedIn identity pending","ecosystem watch; do not infer Phase 1 revenue fit from federal awards","follow-only/watch; prioritize relevant program and growth posts"
"secondary","Boeing","federal-ecosystem","https://www.washingtontechnology.com/rankings/top-100/2026/","organization named in 2026 federal contractor ranking; exact LinkedIn identity pending","ecosystem watch; do not infer Phase 1 revenue fit from federal awards","follow-only/watch; prioritize relevant program and growth posts"
"secondary","Accenture Federal Services","federal-ecosystem","https://www.washingtontechnology.com/rankings/top-100/2026/","organization named in 2026 federal contractor ranking; exact LinkedIn identity pending","ecosystem watch; do not infer Phase 1 revenue fit from federal awards","follow-only/watch; prioritize relevant program and growth posts"
"secondary","SAIC","federal-ecosystem","https://www.washingtontechnology.com/rankings/top-100/2026/","organization named in 2026 federal contractor ranking; exact LinkedIn identity pending","ecosystem watch; do not infer Phase 1 revenue fit from federal awards","follow-only/watch; prioritize relevant program and growth posts"
"secondary","Peraton","federal-ecosystem","https://www.washingtontechnology.com/rankings/top-100/2026/","organization named in 2026 federal contractor ranking; exact LinkedIn identity pending","ecosystem watch; do not infer Phase 1 revenue fit from federal awards","follow-only/watch; prioritize relevant program and growth posts"
"secondary","Battelle","federal-ecosystem","https://www.washingtontechnology.com/rankings/top-100/2026/","organization named in 2026 federal contractor ranking; exact LinkedIn identity pending","ecosystem watch; do not infer Phase 1 revenue fit from federal awards","follow-only/watch; prioritize relevant program and growth posts"
"secondary","Amentum","federal-ecosystem","https://www.washingtontechnology.com/rankings/top-100/2026/","organization named in 2026 federal contractor ranking; exact LinkedIn identity pending","ecosystem watch; do not infer Phase 1 revenue fit from federal awards","follow-only/watch; prioritize relevant program and growth posts"
"secondary","Deloitte","federal-ecosystem","https://www.washingtontechnology.com/rankings/top-100/2026/","organization named in 2026 federal contractor ranking; exact LinkedIn identity pending","ecosystem watch; do not infer Phase 1 revenue fit from federal awards","follow-only/watch; prioritize relevant program and growth posts"
"secondary","Dell Technologies","federal-ecosystem","https://www.washingtontechnology.com/rankings/top-100/2026/","organization named in 2026 federal contractor ranking; exact LinkedIn identity pending","ecosystem watch; do not infer Phase 1 revenue fit from federal awards","follow-only/watch; prioritize relevant program and growth posts"
"secondary","Maximus","federal-ecosystem","https://www.washingtontechnology.com/rankings/top-100/2026/","organization named in 2026 federal contractor ranking; exact LinkedIn identity pending","ecosystem watch; do not infer Phase 1 revenue fit from federal awards","follow-only/watch; prioritize relevant program and growth posts"
"secondary","BAE Systems","federal-ecosystem","https://www.washingtontechnology.com/rankings/top-100/2026/","organization named in 2026 federal contractor ranking; exact LinkedIn identity pending","ecosystem watch; do not infer Phase 1 revenue fit from federal awards","follow-only/watch; prioritize relevant program and growth posts"
"secondary","Fluor","federal-ecosystem","https://www.washingtontechnology.com/rankings/top-100/2026/","organization named in 2026 federal contractor ranking; exact LinkedIn identity pending","ecosystem watch; do not infer Phase 1 revenue fit from federal awards","follow-only/watch; prioritize relevant program and growth posts"
"secondary","KBR","federal-ecosystem","https://www.washingtontechnology.com/rankings/top-100/2026/","organization named in 2026 federal contractor ranking; exact LinkedIn identity pending","ecosystem watch; do not infer Phase 1 revenue fit from federal awards","follow-only/watch; prioritize relevant program and growth posts"
"secondary","HII","federal-ecosystem","https://www.washingtontechnology.com/rankings/top-100/2026/","organization named in 2026 federal contractor ranking; exact LinkedIn identity pending","ecosystem watch; do not infer Phase 1 revenue fit from federal awards","follow-only/watch; prioritize relevant program and growth posts"
"secondary","V2X","federal-ecosystem","https://www.washingtontechnology.com/rankings/top-100/2026/","organization named in 2026 federal contractor ranking; exact LinkedIn identity pending","ecosystem watch; do not infer Phase 1 revenue fit from federal awards","follow-only/watch; prioritize relevant program and growth posts"
"secondary","ManTech","federal-ecosystem","https://www.washingtontechnology.com/rankings/top-100/2026/","organization named in 2026 federal contractor ranking; exact LinkedIn identity pending","ecosystem watch; do not infer Phase 1 revenue fit from federal awards","follow-only/watch; prioritize relevant program and growth posts"
"secondary","MITRE","federal-ecosystem","https://www.washingtontechnology.com/rankings/top-100/2026/","organization named in 2026 federal contractor ranking; exact LinkedIn identity pending","ecosystem watch; do not infer Phase 1 revenue fit from federal awards","follow-only/watch; prioritize relevant program and growth posts"
"secondary","Carahsoft","federal-ecosystem","https://www.washingtontechnology.com/rankings/top-100/2026/","organization named in 2026 federal contractor ranking; exact LinkedIn identity pending","ecosystem watch; do not infer Phase 1 revenue fit from federal awards","follow-only/watch; prioritize relevant program and growth posts"
"secondary","Akima","federal-ecosystem","https://www.washingtontechnology.com/rankings/top-100/2026/","organization named in 2026 federal contractor ranking; exact LinkedIn identity pending","ecosystem watch; do not infer Phase 1 revenue fit from federal awards","follow-only/watch; prioritize relevant program and growth posts"
"secondary","Serco","federal-ecosystem","https://www.washingtontechnology.com/rankings/top-100/2026/","organization named in 2026 federal contractor ranking; exact LinkedIn identity pending","ecosystem watch; do not infer Phase 1 revenue fit from federal awards","follow-only/watch; prioritize relevant program and growth posts"
"secondary","AT&T","federal-ecosystem","https://www.washingtontechnology.com/rankings/top-100/2026/","organization named in 2026 federal contractor ranking; exact LinkedIn identity pending","ecosystem watch; do not infer Phase 1 revenue fit from federal awards","follow-only/watch; prioritize relevant program and growth posts"
"secondary","IBM","federal-ecosystem","https://www.washingtontechnology.com/rankings/top-100/2026/","organization named in 2026 federal contractor ranking; exact LinkedIn identity pending","ecosystem watch; do not infer Phase 1 revenue fit from federal awards","follow-only/watch; prioritize relevant program and growth posts"
"secondary","SMX","federal-ecosystem","https://www.washingtontechnology.com/rankings/top-100/2026/","organization named in 2026 federal contractor ranking; exact LinkedIn identity pending","ecosystem watch; do not infer Phase 1 revenue fit from federal awards","follow-only/watch; prioritize relevant program and growth posts"
"secondary","The Aerospace Corporation","federal-ecosystem","https://www.washingtontechnology.com/rankings/top-100/2026/","organization named in 2026 federal contractor ranking; exact LinkedIn identity pending","ecosystem watch; do not infer Phase 1 revenue fit from federal awards","follow-only/watch; prioritize relevant program and growth posts"
"secondary","Parsons","federal-ecosystem","https://www.washingtontechnology.com/rankings/top-100/2026/","organization named in 2026 federal contractor ranking; exact LinkedIn identity pending","ecosystem watch; do not infer Phase 1 revenue fit from federal awards","follow-only/watch; prioritize relevant program and growth posts"
"secondary","Chemonics","federal-ecosystem","https://www.washingtontechnology.com/rankings/top-100/2026/","organization named in 2026 federal contractor ranking; exact LinkedIn identity pending","ecosystem watch; do not infer Phase 1 revenue fit from federal awards","follow-only/watch; prioritize relevant program and growth posts"
"secondary","Textron","federal-ecosystem","https://www.washingtontechnology.com/rankings/top-100/2026/","organization named in 2026 federal contractor ranking; exact LinkedIn identity pending","ecosystem watch; do not infer Phase 1 revenue fit from federal awards","follow-only/watch; prioritize relevant program and growth posts"
"secondary","CGI Federal","federal-ecosystem","https://www.washingtontechnology.com/rankings/top-100/2026/","organization named in 2026 federal contractor ranking; exact LinkedIn identity pending","ecosystem watch; do not infer Phase 1 revenue fit from federal awards","follow-only/watch; prioritize relevant program and growth posts"
"secondary","ASRC Federal","federal-ecosystem","https://www.washingtontechnology.com/rankings/top-100/2026/","organization named in 2026 federal contractor ranking; exact LinkedIn identity pending","ecosystem watch; do not infer Phase 1 revenue fit from federal awards","follow-only/watch; prioritize relevant program and growth posts"
"secondary","GovCIO","federal-ecosystem","https://www.washingtontechnology.com/rankings/top-100/2026/","organization named in 2026 federal contractor ranking; exact LinkedIn identity pending","ecosystem watch; do not infer Phase 1 revenue fit from federal awards","follow-only/watch; prioritize relevant program and growth posts"
"secondary","FCN","federal-ecosystem","https://www.washingtontechnology.com/rankings/top-100/2026/","organization named in 2026 federal contractor ranking; exact LinkedIn identity pending","ecosystem watch; do not infer Phase 1 revenue fit from federal awards","follow-only/watch; prioritize relevant program and growth posts"
"secondary","Oracle-Cerner","federal-ecosystem","https://www.washingtontechnology.com/rankings/top-100/2026/","organization named in 2026 federal contractor ranking; exact LinkedIn identity pending","ecosystem watch; do not infer Phase 1 revenue fit from federal awards","follow-only/watch; prioritize relevant program and growth posts"
"secondary","Minburn Technology Group","federal-ecosystem","https://www.washingtontechnology.com/rankings/top-100/2026/","organization named in 2026 federal contractor ranking; exact LinkedIn identity pending","ecosystem watch; do not infer Phase 1 revenue fit from federal awards","follow-only/watch; prioritize relevant program and growth posts"
"secondary","Loyal Source","federal-ecosystem","https://www.washingtontechnology.com/rankings/top-100/2026/","organization named in 2026 federal contractor ranking; exact LinkedIn identity pending","ecosystem watch; do not infer Phase 1 revenue fit from federal awards","follow-only/watch; prioritize relevant program and growth posts"
"secondary","ThunderCat Technology","federal-ecosystem","https://www.washingtontechnology.com/rankings/top-100/2026/","organization named in 2026 federal contractor ranking; exact LinkedIn identity pending","ecosystem watch; do not infer Phase 1 revenue fit from federal awards","follow-only/watch; prioritize relevant program and growth posts"
"secondary","Sierra Nevada Corporation","federal-ecosystem","https://www.washingtontechnology.com/rankings/top-100/2026/","organization named in 2026 federal contractor ranking; exact LinkedIn identity pending","ecosystem watch; do not infer Phase 1 revenue fit from federal awards","follow-only/watch; prioritize relevant program and growth posts"
"secondary","Blue Origin","federal-ecosystem","https://www.washingtontechnology.com/rankings/top-100/2026/","organization named in 2026 federal contractor ranking; exact LinkedIn identity pending","ecosystem watch; do not infer Phase 1 revenue fit from federal awards","follow-only/watch; prioritize relevant program and growth posts"
"secondary","V3Gate","federal-ecosystem","https://www.washingtontechnology.com/rankings/top-100/2026/","organization named in 2026 federal contractor ranking; exact LinkedIn identity pending","ecosystem watch; do not infer Phase 1 revenue fit from federal awards","follow-only/watch; prioritize relevant program and growth posts"
"secondary","Four Points Technology","federal-ecosystem","https://www.washingtontechnology.com/rankings/top-100/2026/","organization named in 2026 federal contractor ranking; exact LinkedIn identity pending","ecosystem watch; do not infer Phase 1 revenue fit from federal awards","follow-only/watch; prioritize relevant program and growth posts"
"secondary","Guidehouse","federal-ecosystem","https://www.washingtontechnology.com/rankings/top-100/2026/","organization named in 2026 federal contractor ranking; exact LinkedIn identity pending","ecosystem watch; do not infer Phase 1 revenue fit from federal awards","follow-only/watch; prioritize relevant program and growth posts"
"secondary","Chenega","federal-ecosystem","https://www.washingtontechnology.com/rankings/top-100/2026/","organization named in 2026 federal contractor ranking; exact LinkedIn identity pending","ecosystem watch; do not infer Phase 1 revenue fit from federal awards","follow-only/watch; prioritize relevant program and growth posts"
"secondary","Bechtel","federal-ecosystem","https://www.washingtontechnology.com/rankings/top-100/2026/","organization named in 2026 federal contractor ranking; exact LinkedIn identity pending","ecosystem watch; do not infer Phase 1 revenue fit from federal awards","follow-only/watch; prioritize relevant program and growth posts"
"secondary","General Atomics","federal-ecosystem","https://www.washingtontechnology.com/rankings/top-100/2026/","organization named in 2026 federal contractor ranking; exact LinkedIn identity pending","ecosystem watch; do not infer Phase 1 revenue fit from federal awards","follow-only/watch; prioritize relevant program and growth posts"
"secondary","Astrion","federal-ecosystem","https://www.washingtontechnology.com/rankings/top-100/2026/","organization named in 2026 federal contractor ranking; exact LinkedIn identity pending","ecosystem watch; do not infer Phase 1 revenue fit from federal awards","follow-only/watch; prioritize relevant program and growth posts"
"secondary","ICF","federal-ecosystem","https://www.washingtontechnology.com/rankings/top-100/2026/","organization named in 2026 federal contractor ranking; exact LinkedIn identity pending","ecosystem watch; do not infer Phase 1 revenue fit from federal awards","follow-only/watch; prioritize relevant program and growth posts"
"secondary","Everforth ECS","federal-ecosystem","https://www.washingtontechnology.com/rankings/top-100/2026/","organization named in 2026 federal contractor ranking; exact LinkedIn identity pending","ecosystem watch; do not infer Phase 1 revenue fit from federal awards","follow-only/watch; prioritize relevant program and growth posts"
"secondary","AECOM","federal-ecosystem","https://www.washingtontechnology.com/rankings/top-100/2026/","organization named in 2026 federal contractor ranking; exact LinkedIn identity pending","ecosystem watch; do not infer Phase 1 revenue fit from federal awards","follow-only/watch; prioritize relevant program and growth posts"
"secondary","Verizon","federal-ecosystem","https://www.washingtontechnology.com/rankings/top-100/2026/","organization named in 2026 federal contractor ranking; exact LinkedIn identity pending","ecosystem watch; do not infer Phase 1 revenue fit from federal awards","follow-only/watch; prioritize relevant program and growth posts"
"secondary","New Tech Solutions","federal-ecosystem","https://www.washingtontechnology.com/rankings/top-100/2026/","organization named in 2026 federal contractor ranking; exact LinkedIn identity pending","ecosystem watch; do not infer Phase 1 revenue fit from federal awards","follow-only/watch; prioritize relevant program and growth posts"
"secondary","SpaceX","federal-ecosystem","https://www.washingtontechnology.com/rankings/top-100/2026/","organization named in 2026 federal contractor ranking; exact LinkedIn identity pending","ecosystem watch; do not infer Phase 1 revenue fit from federal awards","follow-only/watch; prioritize relevant program and growth posts"
"secondary","Torch Technologies","federal-ecosystem","https://www.washingtontechnology.com/rankings/top-100/2026/","organization named in 2026 federal contractor ranking; exact LinkedIn identity pending","ecosystem watch; do not infer Phase 1 revenue fit from federal awards","follow-only/watch; prioritize relevant program and growth posts"
"secondary","Leonardo DRS","federal-ecosystem","https://www.washingtontechnology.com/rankings/top-100/2026/","organization named in 2026 federal contractor ranking; exact LinkedIn identity pending","ecosystem watch; do not infer Phase 1 revenue fit from federal awards","follow-only/watch; prioritize relevant program and growth posts"
"secondary","Microsoft","federal-ecosystem","https://www.washingtontechnology.com/rankings/top-100/2026/","organization named in 2026 federal contractor ranking; exact LinkedIn identity pending","ecosystem watch; do not infer Phase 1 revenue fit from federal awards","follow-only/watch; prioritize relevant program and growth posts"
"secondary","Deltek","competitor","https://www.linkedin.com/company/deltek","public LinkedIn identity observed","audience relevance assessed; commercial fit not assumed","follow-only/watch; engage only on evidence relevant to Pyrnova"
"secondary","GovTribe","competitor","https://www.linkedin.com/company/govtribe","public LinkedIn identity observed","audience relevance assessed; commercial fit not assumed","follow-only/watch; engage only on evidence relevant to Pyrnova"
"secondary","HigherGov","competitor","https://www.linkedin.com/company/highergov","public LinkedIn identity observed","audience relevance assessed; commercial fit not assumed","follow-only/watch; engage only on evidence relevant to Pyrnova"
"secondary","Procurement Sciences","competitor","https://www.linkedin.com/company/procurement-sciences","public LinkedIn identity observed","audience relevance assessed; commercial fit not assumed","follow-only/watch; engage only on evidence relevant to Pyrnova"
"secondary","AlphaSense","competitor","https://www.linkedin.com/company/alphasense","public LinkedIn identity observed","audience relevance assessed; commercial fit not assumed","follow-only/watch; engage only on evidence relevant to Pyrnova"
"secondary","Dataminr","competitor","https://www.linkedin.com/company/dataminr","public LinkedIn identity observed","audience relevance assessed; commercial fit not assumed","follow-only/watch; engage only on evidence relevant to Pyrnova"
"secondary","Palantir Technologies","competitor","https://www.linkedin.com/company/palantir-technologies","public LinkedIn identity observed","audience relevance assessed; commercial fit not assumed","follow-only/watch; engage only on evidence relevant to Pyrnova"
"secondary","Crayon","competitor","https://www.linkedin.com/company/crayon-co","public LinkedIn identity observed","audience relevance assessed; commercial fit not assumed","follow-only/watch; engage only on evidence relevant to Pyrnova"
"secondary","Klue","competitor","https://www.linkedin.com/company/klue","public LinkedIn identity observed","audience relevance assessed; commercial fit not assumed","follow-only/watch; engage only on evidence relevant to Pyrnova"
"secondary","Recorded Future","competitor","https://www.linkedin.com/company/recorded-future","public LinkedIn identity observed","audience relevance assessed; commercial fit not assumed","follow-only/watch; engage only on evidence relevant to Pyrnova"
"secondary","interos.ai","competitor","https://www.linkedin.com/company/interos-ai","public LinkedIn identity observed","audience relevance assessed; commercial fit not assumed","follow-only/watch; engage only on evidence relevant to Pyrnova"
"secondary","FiscalNote","competitor","https://www.linkedin.com/company/fiscalnote","public LinkedIn identity observed","audience relevance assessed; commercial fit not assumed","follow-only/watch; engage only on evidence relevant to Pyrnova"
"secondary","Govly","competitor","https://www.linkedin.com/company/govly","public LinkedIn identity observed","audience relevance assessed; commercial fit not assumed","follow-only/watch; engage only on evidence relevant to Pyrnova"
"secondary","SCIP","peer/research","https://www.linkedin.com/company/scip","public LinkedIn identity observed","audience relevance assessed; commercial fit not assumed","follow-only/watch; engage only on evidence relevant to Pyrnova"
"secondary","ACT-IAC","peer/research","https://www.linkedin.com/company/american-council-for-technology-act-%26-industry-advisory-council-iac-","public LinkedIn identity observed","audience relevance assessed; commercial fit not assumed","follow-only/watch; engage only on evidence relevant to Pyrnova"
"secondary","Bellingcat","peer/research","https://www.linkedin.com/company/bellingcat","public LinkedIn identity observed","audience relevance assessed; commercial fit not assumed","follow-only/watch; engage only on evidence relevant to Pyrnova"
"secondary","OCCRP","peer/research","https://www.linkedin.com/company/the-organized-crime-and-corruption-reporting-project","public LinkedIn identity observed","audience relevance assessed; commercial fit not assumed","follow-only/watch; engage only on evidence relevant to Pyrnova"
"secondary","C4ADS","peer/research","https://www.linkedin.com/company/c4ads","public LinkedIn identity observed","audience relevance assessed; commercial fit not assumed","follow-only/watch; engage only on evidence relevant to Pyrnova"
"secondary","RANE","peer/research","https://www.linkedin.com/company/rane","public LinkedIn identity observed","audience relevance assessed; commercial fit not assumed","follow-only/watch; engage only on evidence relevant to Pyrnova"
"secondary","Janes","peer/research","https://www.linkedin.com/company/janes-defence","public LinkedIn identity observed","audience relevance assessed; commercial fit not assumed","follow-only/watch; engage only on evidence relevant to Pyrnova"
"secondary","Sayari","peer/research","https://www.linkedin.com/company/sayarilabs","public LinkedIn identity observed","audience relevance assessed; commercial fit not assumed","follow-only/watch; engage only on evidence relevant to Pyrnova"
"secondary","OpenCorporates","peer/research","https://www.linkedin.com/company/opencorporates","public LinkedIn identity observed","audience relevance assessed; commercial fit not assumed","follow-only/watch; engage only on evidence relevant to Pyrnova"
"secondary","OpenSanctions","peer/research","https://www.linkedin.com/company/opensanctions","public LinkedIn identity observed","audience relevance assessed; commercial fit not assumed","follow-only/watch; engage only on evidence relevant to Pyrnova"
"secondary","ACLED","peer/research","https://www.linkedin.com/company/acleddata","public LinkedIn identity observed","audience relevance assessed; commercial fit not assumed","follow-only/watch; engage only on evidence relevant to Pyrnova"
"secondary","SIPRI","peer/research","https://www.linkedin.com/company/sipri","public LinkedIn identity observed","audience relevance assessed; commercial fit not assumed","follow-only/watch; engage only on evidence relevant to Pyrnova"
"secondary","Brookings","peer/research","https://www.linkedin.com/company/the-brookings-institution","public LinkedIn identity observed","audience relevance assessed; commercial fit not assumed","follow-only/watch; engage only on evidence relevant to Pyrnova"
"secondary","Atlantic Council","peer/research","https://www.linkedin.com/company/atlantic-council","public LinkedIn identity observed","audience relevance assessed; commercial fit not assumed","follow-only/watch; engage only on evidence relevant to Pyrnova"
"secondary","FDD","peer/research","https://www.linkedin.com/company/foundation-for-defense-of-democracies","public LinkedIn identity observed","audience relevance assessed; commercial fit not assumed","follow-only/watch; engage only on evidence relevant to Pyrnova"
"secondary","Carnegie Endowment","peer/research","https://www.linkedin.com/company/carnegieendowment","public LinkedIn identity observed","audience relevance assessed; commercial fit not assumed","follow-only/watch; engage only on evidence relevant to Pyrnova"
"secondary","INSA","peer/research","https://www.linkedin.com/company/intelligence-and-national-security-alliance","public LinkedIn identity observed","audience relevance assessed; commercial fit not assumed","follow-only/watch; engage only on evidence relevant to Pyrnova"
"secondary","GAO","primary-source institution","https://www.gao.gov/widgets/reports","official recent-reports surface observed; exact social identity pending","source and practitioner watch; not sales prospect","official feed first; social follow only where account confirmed"
"secondary","CBO","primary-source institution","https://www.cbo.gov","official research/source surface observed; exact social identity pending","source and practitioner watch; not sales prospect","official feed first; social follow only where account confirmed"
"secondary","Congressional Research Service","primary-source institution","https://www.congress.gov/crs-products","official research/source surface observed; exact social identity pending","source and practitioner watch; not sales prospect","official feed first; social follow only where account confirmed"
"secondary","GSA","primary-source institution","https://www.gsa.gov","official research/source surface observed; exact social identity pending","source and practitioner watch; not sales prospect","official feed first; social follow only where account confirmed"
"secondary","SBA","primary-source institution","https://www.sba.gov","official research/source surface observed; exact social identity pending","source and practitioner watch; not sales prospect","official feed first; social follow only where account confirmed"
"secondary","U.S. Treasury","primary-source institution","https://home.treasury.gov","official research/source surface observed; exact social identity pending","source and practitioner watch; not sales prospect","official feed first; social follow only where account confirmed"
"secondary","Federal Register","primary-source institution","https://www.federalregister.gov","official research/source surface observed; exact social identity pending","source and practitioner watch; not sales prospect","official feed first; social follow only where account confirmed"
"secondary","SEC","primary-source institution","https://www.sec.gov","official research/source surface observed; exact social identity pending","source and practitioner watch; not sales prospect","official feed first; social follow only where account confirmed"
"secondary","USAspending","primary-source institution","https://api.usaspending.gov","official research/source surface observed; exact social identity pending","source and practitioner watch; not sales prospect","official feed first; social follow only where account confirmed"
"secondary","Federal Acquisition Institute","primary-source institution","https://www.fai.gov","official research/source surface observed; exact social identity pending","source and practitioner watch; not sales prospect","official feed first; social follow only where account confirmed"
